"fid","X","Y","pud","area","peri_area","prox","cult_sites","facility","road_prox","line_sight"
0,270542.9846,1221169.26,1,NA,NA,NA,0,0,25863.080078125,5.91119194030762
1,291542.9846,1222169.26,1,NA,NA,NA,0,0,NA,0
2,271542.9846,1223169.26,1,NA,NA,NA,0,0,25073.912109375,2.99840950965881
3,283542.9846,1225169.26,1,NA,NA,NA,2.87394159386167e-05,0,26280.078125,56.5205001831055
4,268542.9846,1226169.26,11,NA,NA,NA,0,0,26082.947265625,27.4681568145752
5,310542.9846,1227169.26,1,NA,NA,NA,0,0,NA,0
6,298542.9846,1229169.26,1,NA,NA,NA,0,0,NA,0
7,267542.9846,1233169.26,1,NA,NA,NA,0.00425988202914596,0,25700.990234375,2.68133687973022
8,268542.9846,1233169.26,5,NA,NA,NA,0.00425129663199186,0,24760.923828125,0.693199992179871
9,267542.9846,1235169.26,3,NA,NA,NA,0,0,25974.873046875,16.372257232666
10,295542.9846,1239169.26,1,NA,NA,NA,0,0,NA,0
11,287542.9846,1243169.26,1,NA,NA,NA,0,0,NA,0
12,262542.9846,1244169.26,1,NA,NA,NA,0,0,23892.181640625,69.4141387939453
13,263542.9846,1244169.26,2,NA,NA,NA,0,0,24876.880859375,21.4250774383545
14,265542.9846,1245169.26,2,NA,NA,NA,0.993733286857605,3.97493314743042,25935.111328125,50.9114151000977
15,297542.9846,1245169.26,1,NA,NA,NA,0,0,22517.142578125,0
16,264542.9846,1246169.26,1,1.44000005722046,0.0375000014901161,0,0.974067389965057,0.0266179628670216,25739.90234375,27.6431465148926
17,277542.9846,1247169.26,1,NA,NA,NA,0,0,NA,0
18,271542.9846,1249169.26,1,NA,NA,NA,0,0,26312.841796875,21.3369369506836
19,266542.9846,1252169.26,1,NA,NA,NA,0,0,21943.599609375,0.821819841861725
20,273542.9846,1252169.26,1,NA,NA,NA,0,0,26408.39453125,2.52184987068176
21,257542.9846,1253169.26,2,NA,NA,NA,0,0,NA,0
22,265542.9846,1253169.26,2,NA,NA,NA,0,0,20690.58984375,0
23,266542.9846,1253169.26,1,NA,NA,NA,0,0,20946.849609375,0
24,302542.9846,1255169.26,1,NA,NA,NA,0,0,21892.361328125,1.50953376293182
25,310542.9846,1255169.26,25,NA,NA,NA,0,0,NA,0
26,285542.9846,1257169.26,15,NA,NA,NA,0.99579131603241,0.011964219622314,26408.541015625,11.1016912460327
27,295542.9846,1258169.26,2,NA,NA,NA,0,0,22595.36328125,5
28,291542.9846,1259169.26,1,NA,NA,NA,0,0,25081.505859375,2.75918126106262
29,310542.9846,1259169.26,1,NA,NA,NA,0,0,NA,0
30,286542.9846,1260169.26,1,NA,NA,NA,0,0,24554.794921875,41.015193939209
31,290542.9846,1261169.26,2,NA,NA,NA,0,0,25570.6875,3.23867416381836
32,292542.9846,1261169.26,2,NA,NA,NA,0,0,26351.689453125,0.588179349899292
33,305542.9846,1261169.26,1,NA,NA,NA,0,0,22859.27734375,0
34,295542.9846,1262169.26,1,NA,NA,NA,0,0,26296.775390625,17.2686462402344
35,304542.9846,1262169.26,1,NA,NA,NA,0,0,24199.716796875,0
36,308542.9846,1262169.26,1,NA,NA,NA,0,0,22285.296875,12.7235279083252
37,305542.9846,1263169.26,1,NA,NA,NA,0,0,24577.3125,0
38,303542.9846,1264169.26,14,NA,NA,NA,0,0,26408.111328125,6.14828681945801
39,300542.9846,1265169.26,1,NA,NA,NA,0,0,24888.5078125,0
40,311542.9846,1268169.26,2,NA,NA,NA,0,0,25652.076171875,19.9976577758789
41,314542.9846,1273169.26,1,NA,NA,NA,0,0,26001.37890625,5.84833240509033
42,272542.9846,1274169.26,15,NA,NA,NA,0,0,22916.115234375,31.3173561096191
43,315542.9846,1274169.26,2,NA,NA,NA,0,0,26394.248046875,21.7370223999023
44,315542.9846,1275169.26,1,NA,NA,NA,0,0,26208.748046875,11.2031545639038
45,316542.9846,1276169.26,2,NA,NA,NA,0,0,25946.212890625,23.1688899993896
46,317542.9846,1276169.26,1,NA,NA,NA,0,0,25070.44921875,69.5663375854492
47,309542.9846,1277169.26,1,NA,NA,NA,0,0,NA,0
48,316542.9846,1277169.26,6,NA,NA,NA,0.00572854932397604,0,26393.767578125,45.889965057373
49,308542.9846,1278169.26,1,NA,NA,NA,0,0,NA,0
50,318542.9846,1278169.26,1,NA,NA,NA,0,0,25575.482421875,44.1296272277832
51,319542.9846,1278169.26,5,NA,NA,NA,0,0,24639.34375,10.6265773773193
52,310542.9846,1279169.26,1,NA,NA,NA,0,0,NA,3.94872450828552
53,315542.9846,1279169.26,1,NA,NA,NA,0.000171338237123564,0,25299.34765625,26.1862010955811
54,316542.9846,1279169.26,1,NA,NA,NA,0.0142311425879598,0.00397332804277539,25190.099609375,35.1161651611328
55,318542.9846,1279169.26,7,NA,NA,NA,0,0,25884.63671875,54.427116394043
56,319542.9846,1279169.26,1,NA,NA,NA,0,0.00198672106489539,25382.546875,28.6746234893799
57,321542.9846,1279169.26,136,NA,NA,NA,2.9879846572876,0.0120154032483697,24349.5,41.1622543334961
58,322542.9846,1279169.26,7,NA,NA,NA,2,0.99798458814621,25013.265625,112.846817016602
59,323542.9846,1279169.26,6,NA,NA,NA,2,0.00798459630459547,25984.890625,138.974548339844
60,324542.9846,1279169.26,6,NA,NA,NA,0,0,25911.484375,52.3812255859375
61,309542.9846,1280169.26,1,NA,NA,NA,0,0,22401.279296875,1.60643196105957
62,312542.9846,1280169.26,1,NA,NA,NA,0,0,24697.15625,24.9579925537109
63,313542.9846,1280169.26,2,NA,NA,NA,0,0,25687.9921875,24.0892906188965
64,318542.9846,1280169.26,1,NA,NA,NA,0,0.994259893894196,26098.484375,136.999603271484
65,319542.9846,1280169.26,1,NA,NA,NA,0,0.992267608642578,26161.421875,182.966674804688
66,321542.9846,1280169.26,32,NA,NA,NA,1.05338788032532,0.0711766183376312,25369.703125,29.311897277832
67,322542.9846,1280169.26,1,NA,NA,NA,4.96344614028931,3.09178400039673,25369.634765625,124.724533081055
68,323542.9846,1280169.26,35,NA,NA,NA,1.10573494434357,3.0633704662323,26077.6875,131.528625488281
69,324542.9846,1280169.26,6,NA,NA,NA,1.02328872680664,5.09127330780029,25744.3359375,84.5559310913086
70,325542.9846,1280169.26,2,NA,NA,NA,1.99025225639343,5.98648118972778,25183.228515625,171.477264404297
71,326542.9846,1280169.26,45,NA,NA,NA,0.0216176453977823,4.98511600494385,25183.25390625,27.1018924713135
72,327542.9846,1280169.26,2,NA,NA,NA,0,1.97029805183411,25183.05078125,81.6626815795898
73,301542.9846,1281169.26,13,NA,NA,NA,0,0,NA,0
74,313542.9846,1281169.26,1,NA,NA,NA,0,0,25598.666015625,14.4664011001587
75,316542.9846,1281169.26,5,NA,NA,NA,8.58538169268286e-06,0.00425988202914596,24603.9453125,3.18313193321228
76,317542.9846,1281169.26,1,NA,NA,NA,0.00422586873173714,0.00425988202914596,24740.115234375,0
77,318542.9846,1281169.26,2,NA,NA,NA,0,0.00425988202914596,25339.14453125,11.3116340637207
78,319542.9846,1281169.26,2,NA,NA,NA,0,0.00625811470672488,26098.791015625,41.3610076904297
79,321542.9846,1281169.26,3,NA,NA,NA,1.97201645374298,6.13012933731079,26359.73828125,231.236419677734
80,322542.9846,1281169.26,7,NA,NA,NA,0.0493605211377144,18.9218082427979,26359.748046875,129.238571166992
81,323542.9846,1281169.26,80,NA,NA,NA,13.8334493637085,13.9928941726685,26178.93359375,58.1617240905762
82,324542.9846,1281169.26,97,NA,NA,NA,2.96760296821594,18.760950088501,26081.443359375,13.7812023162842
83,325542.9846,1281169.26,6,NA,NA,NA,1.00424265861511,4.00249052047729,26173.3203125,57.0658187866211
84,326542.9846,1281169.26,14,NA,NA,NA,0.995808124542236,1.04092526435852,26173.3203125,15.3960304260254
85,327542.9846,1281169.26,4,NA,NA,NA,0,0.992193281650543,26173.302734375,199.683578491211
86,319542.9846,1282169.26,2,NA,NA,NA,0,2.87394159386167e-05,25913.755859375,20.159595489502
87,320542.9846,1282169.26,21,NA,NA,NA,0,0.0141460224986076,25951.3828125,14.6007680892944
88,321542.9846,1282169.26,16,NA,NA,NA,2.03518962860107,4.11365556716919,25858.318359375,167.836822509766
89,322542.9846,1282169.26,49,NA,NA,NA,4.93108940124512,11.1834688186646,25765.111328125,134.074722290039
90,323542.9846,1282169.26,654,NA,NA,NA,6.1046142578125,45.2687759399414,25913.849609375,126.159805297852
91,324542.9846,1282169.26,572,NA,NA,NA,6.91892957687378,97.7290344238281,26324.390625,25.8992595672607
92,325542.9846,1282169.26,14,NA,NA,NA,4.93302726745605,5.96543407440186,25782.91796875,66.9747161865234
93,326542.9846,1282169.26,14,NA,NA,NA,0.0536135695874691,2.99543404579163,25676.681640625,11.2694272994995
94,297542.9846,1283169.26,1,NA,NA,NA,0,0,NA,0
95,316542.9846,1283169.26,1,NA,NA,NA,0,1.99826753139496,24389.513671875,0.338306397199631
96,317542.9846,1283169.26,7,NA,NA,NA,0,3.96690201759338,24492.822265625,1.9121036529541
97,318542.9846,1283169.26,17,NA,NA,NA,0.0239618364721537,0,25485.63671875,18.8076553344727
98,319542.9846,1283169.26,9,NA,NA,NA,1.99024069309235,0,26385.802734375,97.5718841552734
99,321542.9846,1283169.26,25,NA,NA,NA,3.92925381660461,17.3497104644775,25972.818359375,142.444519042969
100,322542.9846,1283169.26,77,NA,NA,NA,0.0220537520945072,52.6749458312988,26054.849609375,138.09001159668
101,323542.9846,1283169.26,378,NA,NA,NA,10.8552265167236,33.9842796325684,26138.68359375,167.994079589844
102,324542.9846,1283169.26,146,NA,NA,NA,0.0477857328951359,2.02435898780823,26394.76953125,103.443412780762
103,325542.9846,1283169.26,10,NA,NA,NA,3.97904324531555,4.97732257843018,26325.8046875,82.7045135498047
104,326542.9846,1283169.26,50,NA,NA,NA,4.96336078643799,7.93595695495605,26226.486328125,14.2997627258301
105,327542.9846,1283169.26,1,NA,NA,NA,1.00560212135315,6.90515422821045,26389.50390625,31.714225769043
106,328542.9846,1283169.26,1,NA,NA,NA,0.992256045341492,0.994259893894196,26148.076171875,79.492805480957
107,330542.9846,1283169.26,2,NA,NA,NA,0,0,26138.1015625,56.0022315979004
108,387542.9846,1283169.26,1,NA,NA,NA,0,0,23302.345703125,18.383358001709
109,306542.9846,1284169.26,1,NA,NA,NA,0,0,22990.984375,10.6570224761963
110,317542.9846,1284169.26,1,NA,NA,NA,0,1.01271164417267,24989.2421875,35.7694091796875
111,319542.9846,1284169.26,2,NA,NA,NA,1.00223588943481,0,26193.884765625,19.4716110229492
112,321542.9846,1284169.26,12,NA,NA,NA,0.0168347917497158,3.06148099899292,25018.025390625,4.8684458732605
113,322542.9846,1284169.26,71,NA,NA,NA,0.0021012572105974,3.21684455871582,25064.60546875,54.3910522460938
114,323542.9846,1284169.26,99,NA,NA,NA,1.03427410125732,5.10828161239624,25558.251953125,135.717376708984
115,324542.9846,1284169.26,45,NA,NA,NA,0.000204736817977391,0.00867331679910421,26399.13671875,162.282867431641
116,325542.9846,1284169.26,8,NA,NA,NA,0.0170481149107218,0.0233319848775864,25888.826171875,76.9070663452148
117,326542.9846,1284169.26,4,NA,NA,NA,0.021265396848321,1.02176654338837,25624.064453125,55.0562782287598
118,327542.9846,1284169.26,12,NA,NA,NA,1.97181165218353,2.98083972930908,25459.244140625,151.486679077148
119,330542.9846,1284169.26,1,NA,NA,NA,0,0,25611.009765625,99.8842926025391
120,331542.9846,1284169.26,1,NA,NA,NA,0,0,26368.966796875,17.281063079834
121,311542.9846,1285169.26,1,NA,NA,NA,0.000113859408884309,0,26352.6015625,24.4658756256104
122,318542.9846,1285169.26,1,NA,NA,NA,0.000171338237123564,0,25973.8046875,42.4886856079102
123,319542.9846,1285169.26,2,NA,NA,NA,0.0142311425879598,0,25994.615234375,56.353874206543
124,321542.9846,1285169.26,19,NA,NA,NA,0,0.0427796468138695,24054.8046875,18.0507068634033
125,322542.9846,1285169.26,5,NA,NA,NA,2.87394159386167e-05,0.0428371243178844,24503.044921875,76.8967819213867
126,323542.9846,1285169.26,39,60.75,0.0143209872767329,13,0.0141460224986076,0.0710716918110847,25426.056640625,154.396545410156
127,324542.9846,1285169.26,8,NA,NA,NA,0.0236881300806999,0,26394.7578125,206.59619140625
128,325542.9846,1285169.26,161,NA,NA,NA,1.96750688552856,2.87394159386167e-05,26182.42578125,155.583724975586
129,326542.9846,1285169.26,130,NA,NA,NA,0.0157414749264717,0.0141460224986076,25902.716796875,23.1192893981934
130,327542.9846,1285169.26,2,NA,NA,NA,0.0281770881265402,0.0422656312584877,24884.240234375,117.535400390625
131,331542.9846,1285169.26,1,NA,NA,NA,0,0.0019866640213877,26053.173828125,6.93776702880859
132,368542.9846,1285169.26,1,NA,NA,NA,0,0,25567.109375,80.9592819213867
133,315542.9846,1286169.26,1,NA,NA,NA,6.89698281348683e-05,0,25385.087890625,13.3790826797485
134,318542.9846,1286169.26,1,NA,NA,NA,0.982313454151154,0,26037.6875,74.2865753173828
135,320542.9846,1286169.26,2,NA,NA,NA,0,0,24665.5859375,94.4283294677734
136,322542.9846,1286169.26,3,NA,NA,NA,0,0,25331.759765625,113.846458435059
137,323542.9846,1286169.26,21,NA,NA,NA,0,0,25887,177.809234619141
138,324542.9846,1286169.26,15,NA,NA,NA,0,0,26294.6875,217.795181274414
139,325542.9846,1286169.26,42,NA,NA,NA,0,0,25639.9453125,176.987838745117
140,326542.9846,1286169.26,3,71.4599990844727,0.0135180521756411,58,0,0,25233.71484375,176.921417236328
141,327542.9846,1286169.26,1,NA,NA,NA,0,0,24537.4296875,198.664672851562
142,330542.9846,1286169.26,1,NA,NA,NA,0,0.00567114818841219,24714.185546875,3.96303105354309
143,332542.9846,1286169.26,12,NA,NA,NA,0,0.00569428550079465,26337.806640625,18.5061340332031
144,370542.9846,1286169.26,10,NA,NA,NA,0,0,26065.177734375,29.9453201293945
145,293542.9846,1287169.26,2,NA,NA,NA,0,0,NA,0
146,313542.9846,1287169.26,3,NA,NA,NA,0,0,24720.36328125,48.0730781555176
147,315542.9846,1287169.26,3,NA,NA,NA,0.011964219622314,0,24402.841796875,40.2968902587891
148,316542.9846,1287169.26,2,NA,NA,NA,0.993733286857605,0,24726.1875,44.06103515625
149,317542.9846,1287169.26,1,NA,NA,NA,0.00795058347284794,0,24955.560546875,16.8148040771484
150,319542.9846,1287169.26,1,NA,NA,NA,0,0,24705.017578125,117.658218383789
151,322542.9846,1287169.26,22,NA,NA,NA,0,0,26211.234375,192.458724975586
152,323542.9846,1287169.26,31,NA,NA,NA,0,0,26299.884765625,222.900527954102
153,324542.9846,1287169.26,4,NA,NA,NA,0,0,26394.76171875,216.014358520508
154,326542.9846,1287169.26,26,NA,NA,NA,0,0,24461.98828125,78.4744644165039
155,328542.9846,1287169.26,1,124.919998168945,0.00787704158574343,0,0,0,23154.326171875,6.104896068573
156,332542.9846,1287169.26,3,NA,NA,NA,0,0.987789511680603,26008.39453125,6.72249937057495
157,313542.9846,1288169.26,7,NA,NA,NA,0,0,24561.671875,38.4312133789062
158,321542.9846,1288169.26,110,NA,NA,NA,1.97148025035858,0,26157.291015625,175.730163574219
159,322542.9846,1288169.26,38,NA,NA,NA,1.96750688552856,0,26069.486328125,192.700500488281
160,323542.9846,1288169.26,9,NA,NA,NA,0.0157414749264717,0,26322.216796875,234.748474121094
161,324542.9846,1288169.26,5,NA,NA,NA,0,0,26131.771484375,167.406280517578
162,325542.9846,1288169.26,2,NA,NA,NA,0,0,25183.337890625,149.878067016602
163,331542.9846,1288169.26,2,NA,NA,NA,0,2.87394159386167e-05,25819.0703125,31.054895401001
164,332542.9846,1288169.26,5,NA,NA,NA,0,0.0141460224986076,26227.919921875,10.2218065261841
165,337542.9846,1288169.26,2,NA,NA,NA,0,0,21537.439453125,2.39898753166199
166,310542.9846,1289169.26,1,NA,NA,NA,0,0,25348.736328125,11.1423778533936
167,311542.9846,1289169.26,4,NA,NA,NA,0,0,26290.908203125,24.7065582275391
168,315542.9846,1289169.26,1,NA,NA,NA,0,0,23113.998046875,190.365020751953
169,320542.9846,1289169.26,1,NA,NA,NA,0,0,24990.298828125,7.99464654922485
170,321542.9846,1289169.26,6,NA,NA,NA,0,0,25811.728515625,213.621765136719
171,322542.9846,1289169.26,14,NA,NA,NA,0,0,26243.0078125,207.765243530273
172,323542.9846,1289169.26,8,NA,NA,NA,0,0,25968.302734375,117.944282531738
173,324542.9846,1289169.26,1,NA,NA,NA,0,0,25923.15234375,79.8523559570312
174,332542.9846,1289169.26,3,NA,NA,NA,0,0,26222.474609375,23.2219772338867
175,355542.9846,1289169.26,2,NA,NA,NA,0,0,25787.0390625,25.9012470245361
176,312542.9846,1290169.26,1,NA,NA,NA,0.983775913715363,0,25382.154296875,37.9912414550781
177,313542.9846,1290169.26,2,NA,NA,NA,0,0,24433.720703125,6.03458595275879
178,318542.9846,1290169.26,11,NA,NA,NA,0,0,24836.599609375,13.4668960571289
179,321542.9846,1290169.26,11,NA,NA,NA,0,0,26357.765625,220.016082763672
180,322542.9846,1290169.26,4,NA,NA,NA,0,0,26180.642578125,194.956970214844
181,323542.9846,1290169.26,2,NA,NA,NA,0,0,26188.171875,171.137130737305
182,326542.9846,1290169.26,2,NA,NA,NA,0,0,23757.486328125,31.1138954162598
183,327542.9846,1290169.26,1,NA,NA,NA,0,0,22767.767578125,9.66725730895996
184,332542.9846,1290169.26,1,NA,NA,NA,0,0,26342.49609375,8.09298515319824
185,344542.9846,1290169.26,3,NA,NA,NA,0,0,20932.615234375,0
186,310542.9846,1291169.26,1,NA,NA,NA,0,0,25299.791015625,38.5984001159668
187,317542.9846,1291169.26,1,NA,NA,NA,0,0,25900.740234375,190.108642578125
188,318542.9846,1291169.26,2,NA,NA,NA,0,0,25776.365234375,221.654922485352
189,319542.9846,1291169.26,2,NA,NA,NA,0,0,25424.119140625,203.702377319336
190,320542.9846,1291169.26,3,NA,NA,NA,0,0,26083.9140625,193.868194580078
191,321542.9846,1291169.26,2,NA,NA,NA,0,0,26349.412109375,182.197448730469
192,322542.9846,1291169.26,38,NA,NA,NA,0,0,25667.400390625,163.708724975586
193,326542.9846,1291169.26,1,NA,NA,NA,0,0,23517.896484375,8
194,328542.9846,1291169.26,3,NA,NA,NA,0,0,22879.189453125,2.90785384178162
195,332542.9846,1291169.26,6,NA,NA,NA,0,0,26050.33203125,17.9696426391602
196,284542.9846,1292169.26,11,NA,NA,NA,0,0,NA,39.1813774108887
197,296542.9846,1292169.26,1,1786.05004882812,0.00347358686849475,1,0,0,NA,1.09894073009491
198,297542.9846,1292169.26,1,1786.05004882812,0.00347358686849475,1,0,0,NA,0.986197531223297
199,307542.9846,1292169.26,1,NA,NA,NA,0,0,23109.353515625,0
200,312542.9846,1292169.26,12,NA,NA,NA,0.982313454151154,0,26378.32421875,94.8537445068359
201,316542.9846,1292169.26,1,NA,NA,NA,1.00371313095093,0.00572854932397604,25945.94921875,71.2514190673828
202,317542.9846,1292169.26,15,NA,NA,NA,0.00803042948246002,4.58325230283663e-05,26193.953125,38.7294692993164
203,318542.9846,1292169.26,24,NA,NA,NA,0.00587805733084679,0,26121.6640625,57.846981048584
204,319542.9846,1292169.26,18,NA,NA,NA,0.0172203537076712,0,26344.58203125,156.51708984375
205,320542.9846,1292169.26,23,NA,NA,NA,0.0172203537076712,0,26215.59765625,177.76643371582
206,321542.9846,1292169.26,3,NA,NA,NA,0,0,26010.197265625,112.931365966797
207,322542.9846,1292169.26,1,NA,NA,NA,0,0,25709.80078125,111.53035736084
208,323542.9846,1292169.26,7,NA,NA,NA,0,0,26203.783203125,102.730285644531
209,332542.9846,1292169.26,2,NA,NA,NA,0,0,26315.28125,22.1868381500244
210,353542.9846,1292169.26,1,NA,NA,NA,0,0,23082.205078125,51.483829498291
211,310542.9846,1293169.26,1,NA,NA,NA,0,0,24500.4140625,56.4086952209473
212,313542.9846,1293169.26,2,NA,NA,NA,0,0,26159.984375,86.7716827392578
213,316542.9846,1293169.26,20,NA,NA,NA,1.99171793460846,0.993733286857605,26414.373046875,154.333724975586
214,317542.9846,1293169.26,1,1246.94995117188,0.00193431973457336,496,0.0159351788461208,0.00795058347284794,26411.484375,121.618110656738
215,318542.9846,1293169.26,27,1246.94995117188,0.00193431973457336,496,1.01966857910156,0,26411.455078125,26.0325412750244
216,319542.9846,1293169.26,514,1246.94995117188,0.00193431973457336,496,2.987220287323,0,26316.544921875,65.3152236938477
217,320542.9846,1293169.26,238,1246.94995117188,0.00193431973457336,496,2.987220287323,0,26060.12890625,30.6325073242188
218,321542.9846,1293169.26,14,NA,NA,NA,0,0,25492.83203125,8.00848770141602
219,322542.9846,1293169.26,1,NA,NA,NA,0,0,26059.234375,36.3514022827148
220,323542.9846,1293169.26,10,NA,NA,NA,0,0,25904.15234375,67.0392074584961
221,324542.9846,1293169.26,2,NA,NA,NA,0,0,24950.2265625,76.9328689575195
222,326542.9846,1293169.26,1,NA,NA,NA,0,0,23051.36328125,3.97875046730042
223,328542.9846,1293169.26,8,NA,NA,NA,0.00200681807473302,0,22362.173828125,1.81679177284241
224,333542.9846,1293169.26,4,NA,NA,NA,0,0,26369.55078125,6.14960193634033
225,304542.9846,1294169.26,1,610.919982910156,0.00449813390150666,1,0,0,NA,2.28749370574951
226,315542.9846,1294169.26,1,420.119995117188,0.00646958034485579,2,0.000342676474247128,0.000171338237123564,25549.908203125,68.4839477539062
227,317542.9846,1294169.26,4,1246.94995117188,0.00193431973457336,496,0.000227718817768618,0.000113859408884309,26349.921875,128.774780273438
228,318542.9846,1294169.26,4,1246.94995117188,0.00193431973457336,496,1.96239471435547,0.973896026611328,26336.6953125,99.4777297973633
229,319542.9846,1294169.26,28,1246.94995117188,0.00193431973457336,496,0.0447663106024265,0,25546.658203125,12.8391828536987
230,320542.9846,1294169.26,85,1246.94995117188,0.00193431973457336,496,1.02064907550812,0,25107.76953125,2
231,321542.9846,1294169.26,2,NA,NA,NA,0,0,25573.154296875,4
232,324542.9846,1294169.26,3,NA,NA,NA,0,0,24567.3125,24.365421295166
233,310542.9846,1295169.26,1,NA,NA,NA,0,0,22878.373046875,0.334128350019455
234,319542.9846,1295169.26,2,1246.94995117188,0.00193431973457336,496,0,0,24939.578125,4
235,320542.9846,1295169.26,7,NA,NA,NA,0,0,25052.8984375,2.5903697013855
236,323542.9846,1295169.26,1,NA,NA,NA,0,0,25073.77734375,4
237,317542.9846,1296169.26,2,NA,NA,NA,0.00422586873173714,0,24617.646484375,22.2875747680664
238,324542.9846,1296169.26,1,NA,NA,NA,0,0,23743.369140625,4
239,328542.9846,1296169.26,1,NA,NA,NA,0,0,20695.546875,0
240,310542.9846,1297169.26,5,NA,NA,NA,0,0,21188.912109375,0.299312889575958
241,322542.9846,1297169.26,2,NA,NA,NA,0,0,25181.255859375,5.85435628890991
242,324542.9846,1297169.26,1,NA,NA,NA,0,0,23341.07421875,4
243,400542.9846,1297169.26,1,NA,NA,NA,0,0,18787.375,0
244,303542.9846,1298169.26,1,1338.56994628906,0.00353660993278027,0,0,0,NA,0
245,312542.9846,1298169.26,1,NA,NA,NA,0,0,21049.359375,3.21368622779846
246,320542.9846,1298169.26,1,NA,NA,NA,0,0,26360.279296875,7
247,321542.9846,1298169.26,1,NA,NA,NA,0,0,25580.888671875,5.76715564727783
248,324542.9846,1298169.26,1,NA,NA,NA,0,0,22924.990234375,2
249,330542.9846,1298169.26,1,NA,NA,NA,0,0,20655.240234375,0
250,338542.9846,1298169.26,3,NA,NA,NA,4.58325230283663e-05,0,26269.642578125,0
251,359542.9846,1298169.26,2,NA,NA,NA,0,0,17156.6328125,0
252,293542.9846,1299169.26,1,5106.68994140625,0.0031288368627429,2,0,0,NA,32.7589530944824
253,318542.9846,1299169.26,1,NA,NA,NA,0,0,25132.341796875,33.0451698303223
254,323542.9846,1299169.26,1,NA,NA,NA,0,0,23374.447265625,4
255,339542.9846,1299169.26,17,NA,NA,NA,0,0,26074.28125,5.19382238388062
256,340542.9846,1299169.26,1,NA,NA,NA,0,0,25957.58984375,6.26585245132446
257,321542.9846,1300169.26,12,NA,NA,NA,0,0,24633.23828125,4
258,322542.9846,1300169.26,4,NA,NA,NA,0,0,23767.59765625,4
259,323542.9846,1300169.26,2,NA,NA,NA,0,0,22901.54296875,4
260,324542.9846,1300169.26,6,NA,NA,NA,0,0,22006.740234375,2
261,340542.9846,1300169.26,1,NA,NA,NA,0,0,26336.513671875,15.0864944458008
262,323542.9846,1301169.26,1,NA,NA,NA,0,0,22407.009765625,4
263,341542.9846,1301169.26,7,NA,NA,NA,0,0,26249.306640625,5.02817535400391
264,281542.9846,1302169.26,1,NA,NA,NA,0,0,25472.330078125,0
265,322542.9846,1302169.26,1,NA,NA,NA,0,0,22798.412109375,2
266,323542.9846,1302169.26,3,NA,NA,NA,0,0,21932.228515625,2
267,329542.9846,1302169.26,1,NA,NA,NA,0,0,NA,0
268,342542.9846,1302169.26,3,NA,NA,NA,0,0,26270.599609375,16.3724308013916
269,343542.9846,1302169.26,1,NA,NA,NA,0,0,25734.064453125,22.1590557098389
270,315542.9846,1303169.26,3,252.360000610352,0.00703756557777524,1,0,0,24670.3359375,0
271,320542.9846,1303169.26,1,NA,NA,NA,0,0,24004.16796875,4
272,322542.9846,1303169.26,4,NA,NA,NA,0,0,22298.064453125,2
273,323542.9846,1303169.26,2,NA,NA,NA,0,0,21446.140625,1.3433735370636
274,324542.9846,1303169.26,1,NA,NA,NA,0,0,20559.431640625,0
275,343542.9846,1303169.26,3,NA,NA,NA,0,0,26215.9296875,15.3291778564453
276,366542.9846,1303169.26,1,NA,NA,NA,0,0,11236.5966796875,0
277,302542.9846,1304169.26,4,NA,NA,NA,0,0,NA,0
278,322542.9846,1304169.26,3,NA,NA,NA,0,0,21759.466796875,2
279,340542.9846,1304169.26,1,NA,NA,NA,0,0,23542.6640625,0
280,343542.9846,1304169.26,11,NA,NA,NA,0,0.992256045341492,26154.384765625,25.206127166748
281,322542.9846,1305169.26,2,NA,NA,NA,0,0,21228.5859375,0
282,323542.9846,1305169.26,1,NA,NA,NA,0,0,20392.751953125,0
283,344542.9846,1305169.26,3,NA,NA,NA,0,3.40134392899927e-05,26366.34765625,7.33891487121582
284,345542.9846,1305169.26,1,NA,NA,NA,0,0,25964.15234375,4.04283714294434
285,373542.9846,1305169.26,1,NA,NA,NA,0,0,NA,0
286,405542.9846,1305169.26,1,NA,NA,NA,5.11842044943478e-05,5.11842044943478e-05,25840.70703125,0
287,408542.9846,1305169.26,2,NA,NA,NA,0,0,23708.173828125,30.1854877471924
288,300542.9846,1306169.26,1,NA,NA,NA,0,0,NA,0
289,314542.9846,1306169.26,3,NA,NA,NA,0,0,25541.2421875,6
290,317542.9846,1306169.26,1,NA,NA,NA,0,0,24877.5625,6
291,319542.9846,1306169.26,1,NA,NA,NA,0,0,23218.59375,4
292,320542.9846,1306169.26,1,NA,NA,NA,0,0,22393.7421875,2
293,325542.9846,1306169.26,1,NA,NA,NA,0,0,NA,0
294,413542.9846,1306169.26,3,NA,NA,NA,0,0,18807.537109375,0
295,302542.9846,1307169.26,1,NA,NA,NA,0,0,NA,0
296,318542.9846,1307169.26,3,NA,NA,NA,0,0,23456.83203125,4
297,321542.9846,1307169.26,21,NA,NA,NA,0,0,20979.66015625,0
298,324542.9846,1307169.26,1,NA,NA,NA,0,0,NA,0
299,347542.9846,1307169.26,2,NA,NA,NA,0,0,26059.689453125,17.93141746521
300,398542.9846,1307169.26,1,NA,NA,NA,0,0,25171.52734375,10.1506595611572
301,402542.9846,1307169.26,2,NA,NA,NA,0.011946433223784,0,26251.861328125,25.3908882141113
302,403542.9846,1307169.26,10,NA,NA,NA,0.992256045341492,0,25720.55078125,8.93490219116211
303,311542.9846,1308169.26,1,NA,NA,NA,0,0,24414.03515625,8
304,316542.9846,1308169.26,2,NA,NA,NA,0,0,24519.74609375,6
305,320542.9846,1308169.26,2,NA,NA,NA,0,0,21267.283203125,0
306,335542.9846,1308169.26,8,18.8099994659424,0.0226475279778242,0,0,0,NA,0
307,348542.9846,1308169.26,1,NA,NA,NA,0,0,25770.162109375,16.8215923309326
308,349542.9846,1308169.26,3,NA,NA,NA,0,0,26260.708984375,28.5348529815674
309,390542.9846,1308169.26,1,NA,NA,NA,0.983775913715363,0,26263.6875,65.2837524414062
310,399542.9846,1308169.26,1,NA,NA,NA,0.023928439244628,0,26359.712890625,89.1782455444336
311,401542.9846,1308169.26,2,NA,NA,NA,0.0159011669456959,0,26131.408203125,33.4635543823242
312,312542.9846,1309169.26,2,NA,NA,NA,0,0,25834.6328125,8
313,315542.9846,1309169.26,1,NA,NA,NA,0,0,24699.212890625,6.72946453094482
314,317542.9846,1309169.26,1,NA,NA,NA,0,0,23132.787109375,6
315,324542.9846,1309169.26,2,NA,NA,NA,0,0,NA,0
316,326542.9846,1309169.26,5,NA,NA,NA,0,0,NA,0
317,351542.9846,1309169.26,10,NA,NA,NA,0,0,26147.03515625,13.3430814743042
318,363542.9846,1309169.26,1,NA,NA,NA,0,0,NA,0
319,396542.9846,1309169.26,2,NA,NA,NA,0,0,25887.001953125,46.0906257629395
320,295542.9846,1310169.26,1,NA,NA,NA,0,0,20691.337890625,0
321,314542.9846,1310169.26,1,NA,NA,NA,0,0,24878.8671875,6
322,317542.9846,1310169.26,2,NA,NA,NA,0,0,22509.125,4
323,351542.9846,1310169.26,1,NA,NA,NA,0,0,25916.095703125,19.2392997741699
324,352542.9846,1310169.26,3,NA,NA,NA,0,0,26223.935546875,22.2042675018311
325,391542.9846,1310169.26,4,NA,NA,NA,3.97504734992981,1.06360304355621,26382.150390625,67.0037384033203
326,392542.9846,1310169.26,6,NA,NA,NA,2.99641275405884,6.92972755432129,26148.56640625,27.1858577728271
327,393542.9846,1310169.26,3,NA,NA,NA,2.95888686180115,1.02949500083923,25935.16015625,0
328,394542.9846,1310169.26,4,NA,NA,NA,0.994259893894196,2.97677969932556,26380.5234375,14.0399980545044
329,315542.9846,1311169.26,5,NA,NA,NA,0,0,23458.017578125,6
330,318542.9846,1311169.26,9,NA,NA,NA,0,0,21097.380859375,0
331,321542.9846,1311169.26,1,NA,NA,NA,0,0,NA,0
332,325542.9846,1311169.26,1,NA,NA,NA,0,0,NA,0
333,353542.9846,1311169.26,2,NA,NA,NA,0,0,26339.798828125,13.1403169631958
334,391542.9846,1311169.26,3,NA,NA,NA,0.0190377607941628,9.94766521453857,26343.685546875,176.319396972656
335,392542.9846,1311169.26,2,NA,NA,NA,1.00060319900513,3.07248950004578,26397.369140625,40.3439712524414
336,393542.9846,1311169.26,1,NA,NA,NA,0.0126772783696651,1.97191405296326,26026.41015625,3
337,394542.9846,1311169.26,2,NA,NA,NA,0.00425988202914596,0.0147607084363699,25566.62109375,64.3682403564453
338,313542.9846,1312169.26,4,NA,NA,NA,0,0,24356.85546875,8
339,346542.9846,1312169.26,21,NA,NA,NA,0,0,21310.052734375,0
340,354542.9846,1312169.26,1,NA,NA,NA,0,0,26216.619140625,19.8746509552002
341,368542.9846,1312169.26,1,NA,NA,NA,0,0,NA,0
342,390542.9846,1312169.26,1,NA,NA,NA,0.0377766750752926,0.987453520298004,26226.0859375,33.2609214782715
343,284542.9846,1313169.26,99,NA,NA,NA,0,0,26007.505859375,44.9110260009766
344,308542.9846,1313169.26,6,NA,NA,NA,0,0,25439.13671875,21
345,319542.9846,1313169.26,1,NA,NA,NA,0,0,NA,0
346,344542.9846,1313169.26,1,NA,NA,NA,0.00569428550079465,0,NA,0
347,354542.9846,1313169.26,1,NA,NA,NA,0.00567114818841219,0,26315.81640625,18.2943077087402
348,403542.9846,1313169.26,2,NA,NA,NA,0,0,NA,90.3108749389648
349,308542.9846,1314169.26,1,NA,NA,NA,0,0,25951.0625,21
350,311542.9846,1314169.26,1,NA,NA,NA,0,0,24481.875,4.76694011688232
351,315542.9846,1314169.26,5,NA,NA,NA,0,0,21521.056640625,2
352,316542.9846,1314169.26,1,NA,NA,NA,0,0,20765.53515625,0
353,320542.9846,1314169.26,94,NA,NA,NA,0,0,NA,0
354,294542.9846,1315169.26,1,NA,NA,NA,0,0,25767.9453125,0
355,308542.9846,1315169.26,11,NA,NA,NA,0,0,26280.55859375,19
356,309542.9846,1315169.26,14,NA,NA,NA,0,0,25609.8125,5.70077514648438
357,310542.9846,1315169.26,3,NA,NA,NA,0,0,24695.669921875,4
358,311542.9846,1315169.26,10,42.8400001525879,0.0119047621265054,0,0,0,23856.224609375,0
359,312542.9846,1315169.26,7,NA,NA,NA,0,0,23065.96875,2.93021130561829
360,313542.9846,1315169.26,7,NA,NA,NA,0,0,22328.783203125,2
361,314542.9846,1315169.26,1,NA,NA,NA,0,0,21620.021484375,2.44391322135925
362,315542.9846,1315169.26,17,NA,NA,NA,0,0,20855.359375,0
363,316542.9846,1315169.26,1,25.2900009155273,0.031316727399826,1,0,0,NA,0
364,328542.9846,1315169.26,1,NA,NA,NA,0,0,NA,0
365,336542.9846,1315169.26,1,NA,NA,NA,0,0,NA,0
366,354542.9846,1315169.26,2,NA,NA,NA,0.0259326100349426,0,25965.2578125,15.4386510848999
367,356542.9846,1315169.26,8,NA,NA,NA,0.00787073746323586,0,25935.240234375,12.3545970916748
368,386542.9846,1315169.26,7,NA,NA,NA,0.977869391441345,0,25460.892578125,26.8144702911377
369,388542.9846,1315169.26,1,NA,NA,NA,0,0,26419.955078125,75.3114318847656
370,398542.9846,1315169.26,1,NA,NA,NA,0,0,23646.73046875,15.9460182189941
371,308542.9846,1316169.26,1,NA,NA,NA,0,0,26330.283203125,16.1888961791992
372,310542.9846,1316169.26,3,2.60999989509583,0.0459770113229752,0,0.00572854932397604,0,24390.552734375,11.405200958252
373,311542.9846,1316169.26,20,NA,NA,NA,4.58325230283663e-05,0,23427.111328125,3.18020820617676
374,312542.9846,1316169.26,6,NA,NA,NA,0,0,22470.408203125,0
375,313542.9846,1316169.26,8,NA,NA,NA,0,0,21656.451171875,1.7087527513504
376,316542.9846,1316169.26,1,NA,NA,NA,0,0,NA,0
377,318542.9846,1316169.26,1,NA,NA,NA,0,0,NA,0
378,335542.9846,1316169.26,1,NA,NA,NA,0,0,NA,0
379,356542.9846,1316169.26,1,NA,NA,NA,0,0,26183.46484375,35.2406005859375
380,387542.9846,1316169.26,1,NA,NA,NA,0.011946433223784,0,26346.568359375,99.4267730712891
381,308542.9846,1317169.26,1,NA,NA,NA,0,0,26382.9609375,15
382,311542.9846,1317169.26,23,NA,NA,NA,0.00795058347284794,0,23500.517578125,0.354131728410721
383,312542.9846,1317169.26,1,NA,NA,NA,0,0,22495.546875,0
384,314542.9846,1317169.26,19,20.4300003051758,0.0223201178014278,0,0,0,20531.52734375,0
385,326542.9846,1317169.26,1,NA,NA,NA,0,0,NA,0
386,357542.9846,1317169.26,2,NA,NA,NA,0.00420869793742895,0,26206.32421875,29.9389133453369
387,358542.9846,1317169.26,1,NA,NA,NA,0,0,25241.478515625,20.3816146850586
388,389542.9846,1317169.26,1,NA,NA,NA,3.40134392899927e-05,0,24231.154296875,106.320167541504
389,282542.9846,1318169.26,1,NA,NA,NA,0,0,24496.134765625,62.2279319763184
390,308542.9846,1318169.26,65,NA,NA,NA,1.95573878288269,0,26014.85546875,12.2784366607666
391,309542.9846,1318169.26,10,NA,NA,NA,0.000171338237123564,0,25436.0234375,2.81479787826538
392,310542.9846,1318169.26,24,14.3100004196167,0.0163522008806467,0,0.0142311425879598,0,24492.2421875,9.54592990875244
393,311542.9846,1318169.26,16,NA,NA,NA,0.000113859408884309,0,23521.90625,0.445940762758255
394,313542.9846,1318169.26,1,NA,NA,NA,0.983753442764282,0,21529.349609375,0
395,357542.9846,1318169.26,17,NA,NA,NA,0,1.94779205322266,26347.822265625,54.9808692932129
396,358542.9846,1318169.26,6,NA,NA,NA,0,0,25712.70703125,32.4045372009277
397,367542.9846,1318169.26,15,NA,NA,NA,0,1.96750688552856,24783.146484375,2.26961159706116
398,368542.9846,1318169.26,1,NA,NA,NA,0,0.0157414749264717,25193.017578125,0.271542817354202
399,381542.9846,1318169.26,7,NA,NA,NA,0,0.973896026611328,26044.9140625,53.4804840087891
400,382542.9846,1318169.26,1,NA,NA,NA,0,0,26052.44140625,72.7274932861328
401,310542.9846,1319169.26,1,NA,NA,NA,0,0,24053.9921875,0
402,311542.9846,1319169.26,2,NA,NA,NA,0,0,23188.572265625,0
403,312542.9846,1319169.26,1,NA,NA,NA,0,0,22249.53515625,0
404,357542.9846,1319169.26,5,NA,NA,NA,0.011946433223784,3.9531466960907,25806.2421875,29.3301467895508
405,358542.9846,1319169.26,2,NA,NA,NA,0.992256045341492,1.98451209068298,26235.21484375,57.8211631774902
406,359542.9846,1319169.26,1,NA,NA,NA,0.00793876405805349,0.015877528116107,25885.44921875,9.17807960510254
407,367542.9846,1319169.26,1,NA,NA,NA,0,0,25769.84765625,1.7186131477356
408,311542.9846,1320169.26,1,NA,NA,NA,0,0,22665.166015625,0
409,312542.9846,1320169.26,1,NA,NA,NA,0,0,21810.404296875,0
410,359542.9846,1320169.26,1,NA,NA,NA,3.40134392899927e-05,6.80268785799854e-05,26381.599609375,50.3187103271484
411,360542.9846,1320169.26,4,NA,NA,NA,0.995740115642548,0,25580.31640625,39.7186546325684
412,374542.9846,1320169.26,1,NA,NA,NA,0,0,25192.59375,0
413,359542.9846,1321169.26,5,NA,NA,NA,0,0,26343.94140625,51.1461982727051
414,333542.9846,1322169.26,1,NA,NA,NA,0,0,NA,0
415,359542.9846,1322169.26,1,NA,NA,NA,0,0,26182.982421875,37.8143119812012
416,309542.9846,1323169.26,2,NA,NA,NA,0,0,20922.43359375,0
417,318542.9846,1323169.26,2,NA,NA,NA,0,0,NA,0
418,323542.9846,1323169.26,1,NA,NA,NA,0,0,NA,0
419,357542.9846,1323169.26,3,NA,NA,NA,0,0,24586.912109375,33.737865447998
420,359542.9846,1323169.26,1,NA,NA,NA,0,0,26276.1875,17.1169567108154
421,323542.9846,1324169.26,14,NA,NA,NA,0,0,NA,0
422,324542.9846,1324169.26,1,NA,NA,NA,0,0,NA,0
423,348542.9846,1324169.26,1,NA,NA,NA,0,0,NA,0
424,356542.9846,1324169.26,1,NA,NA,NA,0,0,23484.20703125,20.9884872436523
425,359542.9846,1324169.26,1,NA,NA,NA,0,0,26369.4140625,13.0313882827759
426,375542.9846,1324169.26,1,NA,NA,NA,0,0,21070.462890625,0
427,313542.9846,1325169.26,1,NA,NA,NA,0,0,NA,0
428,337542.9846,1325169.26,1,NA,NA,NA,0,0,NA,0
429,359542.9846,1325169.26,4,NA,NA,NA,0,0,26377.419921875,20.3125019073486
430,360542.9846,1325169.26,2,NA,NA,NA,0,0,25442.5859375,43.2227172851562
431,315542.9846,1326169.26,2,NA,NA,NA,0,0,NA,0
432,318542.9846,1326169.26,3,NA,NA,NA,0,0,NA,0
433,359542.9846,1326169.26,3,NA,NA,NA,0,0,26284.203125,17.4861698150635
434,309542.9846,1327169.26,1,NA,NA,NA,0,0,NA,0
435,359542.9846,1327169.26,3,NA,NA,NA,0,0,26169.00390625,26.8262882232666
436,391542.9846,1327169.26,1,NA,NA,NA,0,0,26367.40625,209.663681030273
437,360542.9846,1328169.26,2,NA,NA,NA,0,0,26180.080078125,44.9221801757812
438,281542.9846,1329169.26,4,NA,NA,NA,0,0,25492.271484375,82.775032043457
439,315542.9846,1330169.26,1,NA,NA,NA,0,0,NA,0
440,361542.9846,1332169.26,1,NA,NA,NA,8.58538169268286e-06,0,26103.66796875,21.6903858184814
441,306542.9846,1333169.26,1,NA,NA,NA,0,0,NA,0
442,310542.9846,1333169.26,1,NA,NA,NA,0,0,NA,0
443,361542.9846,1333169.26,1,NA,NA,NA,0,0,25820.830078125,13.940523147583
444,362542.9846,1333169.26,7,NA,NA,NA,0,0,26103.771484375,3.31286454200745
445,290542.9846,1334169.26,1,NA,NA,NA,0,0,22694.576171875,1
446,314542.9846,1334169.26,2,NA,NA,NA,0,0,NA,0
447,362542.9846,1334169.26,3,NA,NA,NA,0,0,26201.29296875,5.25120210647583
448,362542.9846,1336169.26,1,NA,NA,NA,0.0157414749264717,0,25168.341796875,8.66927814483643
449,364542.9846,1336169.26,1,NA,NA,NA,0,0,26024.841796875,17.9002075195312
450,397542.9846,1336169.26,1,NA,NA,NA,0,0,17842.056640625,0
451,313542.9846,1337169.26,1,NA,NA,NA,0,0,NA,0
452,364542.9846,1337169.26,5,NA,NA,NA,0,0,26298.525390625,70.0999603271484
453,315542.9846,1338169.26,1,NA,NA,NA,0,0,NA,0
454,364542.9846,1338169.26,4,NA,NA,NA,0,0,25842.623046875,38.4770469665527
455,365542.9846,1338169.26,2,NA,NA,NA,0,0,26218.8046875,30.890043258667
456,366542.9846,1338169.26,1,NA,NA,NA,0,0,25442.05859375,81.6065368652344
457,382542.9846,1338169.26,1,NA,NA,NA,0,0,26232.16015625,124.21590423584
458,364542.9846,1339169.26,1,NA,NA,NA,0.0019866640213877,0,25229.6796875,16.1806201934814
459,366542.9846,1339169.26,2,NA,NA,NA,0,0,26028.4765625,96.8893356323242
460,367542.9846,1339169.26,1,NA,NA,NA,0,0,25313.2421875,36.0768966674805
461,363542.9846,1340169.26,1,NA,NA,NA,0,0,24019.74609375,0
462,366542.9846,1340169.26,18,NA,NA,NA,1.00620627403259,2.94694042205811,26380.484375,105.843826293945
463,367542.9846,1340169.26,1,NA,NA,NA,1.98451209068298,0,25992.44140625,138.734588623047
464,300542.9846,1341169.26,8,NA,NA,NA,0,0,NA,0
465,363542.9846,1341169.26,3,NA,NA,NA,0,0,25007.62890625,0
466,366542.9846,1341169.26,3,NA,NA,NA,0.00431106658652425,0.0126260938122869,26149.677734375,120.418807983398
467,345542.9846,1342169.26,4,NA,NA,NA,0,0,16287.7763671875,0
468,364542.9846,1342169.26,6,NA,NA,NA,2.87394159386167e-05,0.0019866640213877,25972.5390625,90.1196365356445
469,365542.9846,1342169.26,71,NA,NA,NA,0.0141460224986076,0.977869391441345,26369.513671875,75.3813858032227
470,366542.9846,1342169.26,2,NA,NA,NA,0,0,25877.80859375,177.994354248047
471,362542.9846,1343169.26,20,NA,NA,NA,0,0,25911.294921875,7.61484146118164
472,363542.9846,1343169.26,21,120.599998474121,0.00815920438617468,7,0,0,26207.802734375,62.0447235107422
473,364542.9846,1343169.26,16,120.599998474121,0.00815920438617468,7,0.00200383481569588,0.00200383481569588,26107.302734375,94.5897064208984
474,365542.9846,1343169.26,14,NA,NA,NA,0.986321091651917,0.986321091651917,26176.486328125,28.2204189300537
475,316542.9846,1344169.26,2,NA,NA,NA,0,0,21524.076171875,1
476,362542.9846,1344169.26,6,82.0800018310547,0.00796783622354269,2,0,0,26124.365234375,74.4883880615234
477,363542.9846,1344169.26,2,NA,NA,NA,0,0,26357.728515625,8.68567371368408
478,360542.9846,1345169.26,4,NA,NA,NA,0,0,25884.908203125,34.6461563110352
479,361542.9846,1345169.26,11,NA,NA,NA,0,0,26338.5390625,44.2618751525879
480,362542.9846,1345169.26,4,NA,NA,NA,0,0,25971.30859375,100.66902923584
481,363542.9846,1345169.26,8,NA,NA,NA,0,0,25585.12890625,148.926193237305
482,375542.9846,1345169.26,1,NA,NA,NA,0,0,26100.796875,30.7799587249756
483,357542.9846,1346169.26,6,NA,NA,NA,0,0,26306.95703125,17.1152687072754
484,358542.9846,1346169.26,6,NA,NA,NA,0,0,26266.2265625,20.4145469665527
485,359542.9846,1346169.26,2,NA,NA,NA,0,0,26292.412109375,20.032283782959
486,360542.9846,1346169.26,10,NA,NA,NA,0.982313454151154,0,26269.609375,102.007110595703
487,356542.9846,1347169.26,5,NA,NA,NA,0,0,26361.88671875,8.43056678771973
488,357542.9846,1347169.26,5,NA,NA,NA,0,0,25722.65625,39.4595947265625
489,358542.9846,1347169.26,2,NA,NA,NA,0,0,25434.302734375,107.013519287109
490,287542.9846,1348169.26,1,17.4599990844727,0.0175257734954357,0,0.00787073746323586,0.977869391441345,26148.798828125,42.8238639831543
491,304542.9846,1348169.26,3,NA,NA,NA,0,0,25950.75,1
492,305542.9846,1348169.26,1,NA,NA,NA,0,0,25950.75,1
493,355542.9846,1348169.26,3,NA,NA,NA,0,0,26396.6015625,26.7877216339111
494,356542.9846,1348169.26,2,NA,NA,NA,0,0,25523.666015625,5.94632196426392
495,310542.9846,1349169.26,1,NA,NA,NA,0,0,25361.27734375,0.0529005862772465
496,311542.9846,1349169.26,1,NA,NA,NA,0,0,25484.140625,2.02280473709106
497,313542.9846,1349169.26,1,NA,NA,NA,0,0,25755.22265625,4
498,353542.9846,1349169.26,1,NA,NA,NA,0,0,26292.5546875,17.9297332763672
499,354542.9846,1349169.26,3,NA,NA,NA,0,0,26411.177734375,22.7306346893311
500,355542.9846,1349169.26,3,NA,NA,NA,0,0,26038.703125,7.68064594268799
501,356542.9846,1349169.26,2,NA,NA,NA,0,0,25156.978515625,0
502,310542.9846,1350169.26,1,NA,NA,NA,0,0,24383.15625,1
503,311542.9846,1350169.26,15,NA,NA,NA,0,0,24495.20703125,1.81179845333099
504,312542.9846,1350169.26,19,NA,NA,NA,0.00420869793742895,0,24592.529296875,1.78584551811218
505,313542.9846,1350169.26,13,NA,NA,NA,0,0,24789.107421875,2.67924499511719
506,351542.9846,1350169.26,16,NA,NA,NA,0,0,26227.21875,35.8280906677246
507,352542.9846,1350169.26,7,NA,NA,NA,0,0,26270.62109375,17.4504795074463
508,353542.9846,1350169.26,1,NA,NA,NA,0,0,25667.50390625,14.0620279312134
509,307542.9846,1351169.26,1,NA,NA,NA,0,0,23051.966796875,0.784649550914764
510,313542.9846,1351169.26,54,NA,NA,NA,0.983753442764282,0,24022.76171875,2.33908176422119
511,314542.9846,1351169.26,5,NA,NA,NA,0.00787073746323586,0,25000.5546875,4.54931259155273
512,315542.9846,1351169.26,2,NA,NA,NA,0,0,26020.802734375,13.3714361190796
513,351542.9846,1351169.26,25,NA,NA,NA,0.973896026611328,0,26370.552734375,38.5768852233887
514,314542.9846,1352169.26,12,NA,NA,NA,0.992015421390533,1.97264218330383,25285.6328125,11.5109701156616
515,315542.9846,1352169.26,8,NA,NA,NA,0,0.0113422963768244,25927.619140625,12.9542903900146
516,350542.9846,1352169.26,2,NA,NA,NA,0,0,26085.205078125,36.4341735839844
517,351542.9846,1352169.26,9,NA,NA,NA,0.00567114818841219,0,26069.5625,40.3595809936523
518,308542.9846,1353169.26,1,NA,NA,NA,0,0,23292.525390625,1
519,309542.9846,1353169.26,1,NA,NA,NA,0,0,23818.224609375,0
520,314542.9846,1353169.26,20,NA,NA,NA,0.992015421390533,0.00845173746347427,26259.71484375,10.8848371505737
521,315542.9846,1353169.26,12,NA,NA,NA,0,1.96755182743073,26033.9921875,6.43006372451782
522,350542.9846,1353169.26,4,NA,NA,NA,0,0,26225.45703125,27.930061340332
523,351542.9846,1353169.26,7,NA,NA,NA,0.983775913715363,0,25652.15234375,37.9910087585449
524,303542.9846,1354169.26,3,NA,NA,NA,0,0,20840.669921875,0
525,310542.9846,1354169.26,1,NA,NA,NA,0,0,25054.875,0.0307981632649899
526,315542.9846,1354169.26,9,NA,NA,NA,2.92168807983398,0.0281770881265402,25901.037109375,46.1809539794922
527,349542.9846,1354169.26,1,NA,NA,NA,0,0.0019866640213877,25140.36328125,16.6554927825928
528,313542.9846,1355169.26,1,NA,NA,NA,0,0,25793.54296875,37.1024780273438
529,314542.9846,1355169.26,110,NA,NA,NA,0,0,25104.87890625,39.4712753295898
530,350542.9846,1355169.26,21,NA,NA,NA,1.97833657264709,0.992015421390533,26178.470703125,73.3222427368164
531,301542.9846,1356169.26,1,NA,NA,NA,0,0,22242.42578125,1.80445146560669
532,309542.9846,1356169.26,1,NA,NA,NA,0,0,26258.201171875,10.6303262710571
533,313542.9846,1356169.26,1,NA,NA,NA,0,0,25093.771484375,8.92921352386475
534,326542.9846,1356169.26,1,NA,NA,NA,0,0,19134.048828125,0
535,350542.9846,1356169.26,3,NA,NA,NA,0.996241271495819,0.992015421390533,26040.546875,18.0210800170898
536,299542.9846,1357169.26,2,89.4599990844727,0.00965794734656811,1,0,0,23674.4296875,18.953519821167
537,308542.9846,1357169.26,3,NA,NA,NA,0,0,26192.572265625,8.34814548492432
538,349542.9846,1357169.26,1,NA,NA,NA,2.87394159386167e-05,2.87394159386167e-05,26372.078125,40.5965576171875
539,330542.9846,1358169.26,2,NA,NA,NA,0,0,19650.02734375,0
540,348542.9846,1358169.26,2,NA,NA,NA,0,0,25997.5234375,65.2935562133789
541,352542.9846,1358169.26,2,NA,NA,NA,0,0,23224.95703125,0
542,330542.9846,1359169.26,1,8.01000022888184,0.0224719103425741,0,0,0,20559.08203125,0.305227994918823
543,348542.9846,1359169.26,2,NA,NA,NA,0,0,26343.33203125,26.4585132598877
544,299542.9846,1360169.26,1,NA,NA,NA,0,0,26249.74609375,9.7463207244873
545,329542.9846,1360169.26,1,NA,NA,NA,0,0,21868.34375,6.98472595214844
546,348542.9846,1360169.26,2,NA,NA,NA,0,0,26222.6796875,32.9072265625
547,348542.9846,1361169.26,4,NA,NA,NA,0,0,26057.853515625,49.5671806335449
548,306542.9846,1362169.26,1,NA,NA,NA,5.11842044943478e-05,0,26256.607421875,36.9997062683105
549,347542.9846,1362169.26,3,NA,NA,NA,0,0,26296.89453125,56.6942901611328
550,348542.9846,1362169.26,4,NA,NA,NA,0,0,25877.091796875,29.2524967193604
551,343542.9846,1363169.26,7,NA,NA,NA,0,0,23929.81640625,0
552,347542.9846,1363169.26,12,NA,NA,NA,0,0,26089.818359375,56.5140647888184
553,306542.9846,1364169.26,1,NA,NA,NA,0.000137939656269737,0.982313454151154,25969.5078125,31.4122200012207
554,340542.9846,1364169.26,1,NA,NA,NA,0,0,22217.8125,10.1023740768433
555,345542.9846,1364169.26,2,NA,NA,NA,0,0,26244.337890625,51.7702751159668
556,346542.9846,1364169.26,2,NA,NA,NA,0,0,25820.40234375,34.5295372009277
557,307542.9846,1365169.26,2,NA,NA,NA,1.98746657371521,0,26371.5,8.89681720733643
558,308542.9846,1365169.26,3,NA,NA,NA,0.0159011669456959,0,25834.326171875,14.5059061050415
559,337542.9846,1365169.26,41,NA,NA,NA,0,0,24073.49609375,0
560,338542.9846,1365169.26,8,NA,NA,NA,0,0,23597.9453125,2.636305809021
561,339542.9846,1365169.26,1,NA,NA,NA,0,0,23189.359375,25.3862724304199
562,344542.9846,1365169.26,1,NA,NA,NA,0.00422586873173714,0,25966.076171875,55.0977821350098
563,345542.9846,1365169.26,2,NA,NA,NA,0,0,26219.38671875,43.2300453186035
564,308542.9846,1366169.26,1,NA,NA,NA,0.000227718817768618,0,26305.54296875,11.6519393920898
565,313542.9846,1366169.26,2,NA,NA,NA,0,0,24290.990234375,10.8777694702148
566,320542.9846,1366169.26,1,NA,NA,NA,0,0,26363.455078125,9.64310932159424
567,338542.9846,1366169.26,2,NA,NA,NA,0.977869391441345,0,24505.681640625,112.658302307129
568,340542.9846,1366169.26,1,NA,NA,NA,0,0,24195.439453125,30.8553791046143
569,344542.9846,1366169.26,11,NA,NA,NA,0,0,26226.923828125,8.96592617034912
570,345542.9846,1366169.26,1,NA,NA,NA,0,0,25506.6953125,0.61451655626297
571,306542.9846,1367169.26,9,NA,NA,NA,0,0,24188.369140625,0
572,311542.9846,1367169.26,1,NA,NA,NA,0,0,25686.89453125,9.29046154022217
573,332542.9846,1367169.26,2,NA,NA,NA,0,0,NA,5.4253101348877
574,343542.9846,1367169.26,1,NA,NA,NA,1.15686534627457e-05,0,26249.91796875,11.4930686950684
575,344542.9846,1367169.26,2,NA,NA,NA,0.00569428550079465,0,25730.482421875,19.9527263641357
576,348542.9846,1367169.26,2,3.42000007629395,0.0385964922606945,2,0,0,22556.26171875,31.7495269775391
577,342542.9846,1368169.26,1,NA,NA,NA,0,0,26102.439453125,123.897125244141
578,343542.9846,1368169.26,2,NA,NA,NA,0.00200681807473302,0,26093.138671875,7.05806922912598
579,308542.9846,1369169.26,2,NA,NA,NA,0,0.977869391441345,24003.0703125,0
580,342542.9846,1369169.26,17,NA,NA,NA,0.985740125179291,0,26168.697265625,52.0286979675293
581,343542.9846,1369169.26,3,NA,NA,NA,0.983782172203064,0,25781.82421875,88.7097320556641
582,332542.9846,1370169.26,1,NA,NA,NA,0,0,NA,17.2979850769043
583,342542.9846,1370169.26,5,NA,NA,NA,0,0,26174.1015625,57.9017562866211
584,343542.9846,1370169.26,7,NA,NA,NA,0,0,26028.783203125,31.2265949249268
585,314542.9846,1371169.26,1,NA,NA,NA,0,0,26082.85546875,63.4810638427734
586,339542.9846,1371169.26,1,NA,NA,NA,0,0,25465.572265625,85.0295867919922
587,340542.9846,1371169.26,5,NA,NA,NA,0,0,25845.791015625,87.465576171875
588,341542.9846,1371169.26,10,NA,NA,NA,0,0,26123.69921875,18.1109046936035
589,292542.9846,1372169.26,1,NA,NA,NA,0,0,21653.341796875,7.37275409698486
590,310542.9846,1372169.26,1,NA,NA,NA,2.87394159386167e-05,0,22734.41796875,3.44193315505981
591,336542.9846,1372169.26,1,NA,NA,NA,0,0,23859.021484375,52.7057037353516
592,339542.9846,1372169.26,2,NA,NA,NA,1.94779205322266,0,26387.484375,79.2404937744141
593,340542.9846,1372169.26,2,NA,NA,NA,0,0,26385.59375,61.0717239379883
594,335542.9846,1373169.26,1,NA,NA,NA,0,0,23318.587890625,0
595,337542.9846,1373169.26,1,NA,NA,NA,0,0,25164.08203125,12.8879899978638
596,338542.9846,1373169.26,3,NA,NA,NA,0,0,26065.525390625,37.8375511169434
597,339542.9846,1373169.26,3,NA,NA,NA,0,0,25934.951171875,57.4889717102051
598,317542.9846,1374169.26,1,NA,NA,NA,0.987789511680603,0,26214.671875,21.6884899139404
599,318542.9846,1374169.26,3,NA,NA,NA,0,0.983775913715363,26237.615234375,81.5097808837891
600,319542.9846,1374169.26,10,NA,NA,NA,0,0,26129.7734375,26.0262451171875
601,341542.9846,1374169.26,2,NA,NA,NA,0,0,24196.345703125,59.1903991699219
602,344542.9846,1374169.26,1,NA,NA,NA,0,0,22276.357421875,51.4630813598633
603,329542.9846,1375169.26,1,NA,NA,NA,0,0,20385.109375,0
604,339542.9846,1375169.26,1,NA,NA,NA,0,0,25282.708984375,31.8141479492188
605,331542.9846,1376169.26,1,NA,NA,NA,0,0,21740.517578125,25.9475078582764
606,337542.9846,1376169.26,2,NA,NA,NA,0,0,26385.47265625,29.1282138824463
607,320542.9846,1377169.26,1,NA,NA,NA,0,0,26020.96875,16.2546844482422
608,331542.9846,1377169.26,1,NA,NA,NA,0,0,22712.75,0
609,335542.9846,1378169.26,1,NA,NA,NA,0,0,26020.830078125,33.7115516662598
610,335542.9846,1379169.26,2,NA,NA,NA,4.58325230283663e-05,0,26236.373046875,105.967178344727
611,336542.9846,1379169.26,1,NA,NA,NA,0,0,25511.8671875,18.3265514373779
612,330542.9846,1380169.26,1,NA,NA,NA,0,0,25494.220703125,29.4862785339355
613,333542.9846,1380169.26,1,NA,NA,NA,0.011964219622314,0,25980.1484375,36.2715072631836
614,334542.9846,1380169.26,6,NA,NA,NA,0.993733286857605,0,26346.5234375,50.9521827697754
615,322542.9846,1381169.26,1,NA,NA,NA,0,0,24469.287109375,24.4587650299072
616,326542.9846,1381169.26,1,NA,NA,NA,0,0,26206.404296875,19.0663032531738
617,330542.9846,1381169.26,1,NA,NA,NA,0,0.973896026611328,26260.828125,50.687572479248
618,331542.9846,1381169.26,2,NA,NA,NA,0,0,26184.751953125,5.04439210891724
619,332542.9846,1381169.26,4,NA,NA,NA,0,0,26286.9921875,66.9957809448242
620,327542.9846,1383169.26,1,NA,NA,NA,0,0,26004.134765625,38.9188385009766
621,329542.9846,1384169.26,31,NA,NA,NA,0,6.84508562088013,25976.1640625,36.0472259521484
622,330542.9846,1384169.26,4,NA,NA,NA,0,0,26101.146484375,19.6514720916748
623,318542.9846,1385169.26,1,NA,NA,NA,0,0,26088.52734375,51.2763366699219
624,329542.9846,1385169.26,1,NA,NA,NA,0,0,25773.578125,75.0679702758789
625,323542.9846,1386169.26,1,NA,NA,NA,0,0,25740.521484375,44.5656318664551
626,324542.9846,1386169.26,2,NA,NA,NA,0,0,26029.4375,41.7616653442383
627,329542.9846,1386169.26,5,NA,NA,NA,0,0,25739.06640625,9.13232612609863
628,338542.9846,1386169.26,1,NA,NA,NA,0,0,NA,7
629,328542.9846,1387169.26,1,NA,NA,NA,0.0019866640213877,0.00397332804277539,25889.0859375,187.627868652344
630,328542.9846,1388169.26,3,NA,NA,NA,0.00774395279586315,1.9865391254425,26291.638671875,41.3463897705078
631,329542.9846,1388169.26,7,NA,NA,NA,0.992061257362366,1.01358723640442,26195.341796875,86.5808944702148
632,330542.9846,1388169.26,8,NA,NA,NA,6.89698281348683e-05,0,25414.3671875,102.537178039551
633,332542.9846,1388169.26,1,NA,NA,NA,0.00574011774733663,0,23921.796875,32.0529556274414
634,333542.9846,1388169.26,1,NA,NA,NA,0.00567114818841219,0,22984.8515625,19.2297229766846
635,336542.9846,1388169.26,1,NA,NA,NA,0,0,NA,40.8969268798828
636,329542.9846,1389169.26,35,NA,NA,NA,0.999965965747833,1.97987294197083,26374.103515625,70.5882797241211
637,331542.9846,1389169.26,1,NA,NA,NA,0.995740115642548,0,24678.796875,98.7473068237305
638,325542.9846,1390169.26,1,NA,NA,NA,0,0,23354.0234375,0
639,329542.9846,1390169.26,17,NA,NA,NA,0.0142598822712898,0.0282920449972153,26282.466796875,62.9924240112305
640,330542.9846,1390169.26,1,NA,NA,NA,0.000171338237123564,0.01184406504035,25763.634765625,97.6359329223633
641,331542.9846,1390169.26,1,NA,NA,NA,0.0142598822712898,0.983753442764282,24789.140625,128.091232299805
642,333542.9846,1390169.26,1,NA,NA,NA,0.987984597682953,0,23089.921875,0
643,334542.9846,1390169.26,1,NA,NA,NA,0,0,22309.9296875,61.8337593078613
644,326542.9846,1391169.26,1,NA,NA,NA,0,0,23159.78515625,36.2065696716309
645,327542.9846,1391169.26,4,NA,NA,NA,6.89698281348683e-05,0,24157.388671875,32.7609748840332
646,328542.9846,1391169.26,5,NA,NA,NA,0.00774395279586315,0.00400766963139176,25104.005859375,145.313385009766
647,329542.9846,1391169.26,9,0.810000002384186,0.059259258210659,0,0.992061257362366,1.97264218330383,25977.751953125,8.99761390686035
648,330542.9846,1391169.26,45,NA,NA,NA,1.02895987033844,0.102287575602531,25893.638671875,122.375053405762
649,331542.9846,1391169.26,1,NA,NA,NA,1.99224448204041,0.0172087848186493,25068.53515625,202.371215820312
650,332542.9846,1391169.26,1,NA,NA,NA,1.00224447250366,0.0115260677412152,24535.60546875,14.9256172180176
651,333542.9846,1391169.26,1,NA,NA,NA,0.982313454151154,0,23727.31640625,19.4120006561279
652,334542.9846,1391169.26,3,NA,NA,NA,0,0,22912.24609375,43.5063323974609
653,329542.9846,1392169.26,9,NA,NA,NA,0.999965965747833,0.00845173746347427,25855.814453125,28.8731880187988
654,330542.9846,1392169.26,103,NA,NA,NA,3.95137882232666,17.7438583374023,25918.97265625,91.1180648803711
655,331542.9846,1392169.26,29,NA,NA,NA,1.00224447250366,2.9852135181427,25942.01953125,54.9489440917969
656,332542.9846,1392169.26,5,NA,NA,NA,0.0122444787994027,1.9994307756424,25140.759765625,38.7271537780762
657,333542.9846,1392169.26,5,NA,NA,NA,0.00420869793742895,0,24294.873046875,7.15829086303711
658,335542.9846,1392169.26,1,NA,NA,NA,0,0,22726.462890625,15.9201765060425
659,328542.9846,1393169.26,4,NA,NA,NA,0.0142598822712898,0.0019866640213877,24449.171875,62.5118370056152
660,329542.9846,1393169.26,21,NA,NA,NA,0.0142598822712898,0.977869391441345,24951.640625,0
661,330542.9846,1393169.26,5,NA,NA,NA,1.03042161464691,2.46246933937073,25580.751953125,144.198760986328
662,331542.9846,1393169.26,43,NA,NA,NA,0.0182044710963964,21.6853275299072,26318.328125,103.87589263916
663,332542.9846,1393169.26,25,NA,NA,NA,1.95585262775421,0.20178984105587,25700.005859375,9.4465160369873
664,333542.9846,1393169.26,223,NA,NA,NA,1.95963621139526,2.93353223800659,24764.283203125,35.149486541748
665,334542.9846,1393169.26,8,NA,NA,NA,0.983753442764282,0.983753442764282,24058.216796875,0
666,319542.9846,1394169.26,1,NA,NA,NA,0,0,NA,0
667,327542.9846,1394169.26,11,NA,NA,NA,6.89698281348683e-05,0,23021.97265625,1.39155507087708
668,329542.9846,1394169.26,2,NA,NA,NA,4.58325230283663e-05,0,24153.611328125,13.8486022949219
669,331542.9846,1394169.26,10,NA,NA,NA,2.98463940620422,2.99630999565125,25845.763671875,71.2382659912109
670,332542.9846,1394169.26,564,NA,NA,NA,1.07851469516754,4.00335836410522,26057.8203125,60.9943313598633
671,333542.9846,1394169.26,2066,NA,NA,NA,36.4259414672852,62.2732315063477,25259.275390625,123.394508361816
672,334542.9846,1394169.26,26,NA,NA,NA,1.02089881896973,1.09536993503571,24997.3671875,0
673,335542.9846,1394169.26,3,NA,NA,NA,0.00816792622208595,0.00876374915242195,24279.57421875,0
674,326542.9846,1395169.26,23,NA,NA,NA,0,0,21590.712890625,0
675,328542.9846,1395169.26,16,NA,NA,NA,0.993733286857605,0,22855.275390625,0
676,329542.9846,1395169.26,10,NA,NA,NA,0.00795058347284794,0,23843.150390625,29.4115734100342
677,330542.9846,1395169.26,10,NA,NA,NA,0.995893657207489,0.0240819919854403,24861.60546875,122.29125213623
678,331542.9846,1395169.26,26,NA,NA,NA,1.03057754039764,2.01229572296143,25850.75390625,108.059440612793
679,332542.9846,1395169.26,859,NA,NA,NA,11.8657531738281,5.95964384078979,26360.921875,105.565711975098
680,333542.9846,1395169.26,1215,NA,NA,NA,12.0209045410156,65.4097671508789,26222.86328125,94.8466262817383
681,334542.9846,1395169.26,551,NA,NA,NA,4.97291803359985,17.891450881958,25657.78125,10.4552688598633
682,335542.9846,1395169.26,1,NA,NA,NA,0.0397869274020195,0.143144503235817,24686.86328125,41.6001243591309
683,337542.9846,1395169.26,5,NA,NA,NA,0,0,22665.66015625,0
684,328542.9846,1396169.26,26,NA,NA,NA,0.0142311425879598,0,22628.21484375,0
685,330542.9846,1396169.26,29,NA,NA,NA,0.0497920773923397,0.000342676474247128,24487.716796875,45.0061378479004
686,331542.9846,1396169.26,103,NA,NA,NA,2.96782302856445,0.0286347214132547,25164.748046875,102.602638244629
687,332542.9846,1396169.26,76,NA,NA,NA,1.17134773731232,0.0851038545370102,26059.267578125,46.2485656738281
688,333542.9846,1396169.26,142,36.3600006103516,0.0138613861054182,5,2.12955546379089,2.90440821647644,26136.29296875,160.359329223633
689,334542.9846,1396169.26,2,NA,NA,NA,1.05490911006927,2.22366738319397,25908.474609375,163.938247680664
690,336542.9846,1396169.26,1,NA,NA,NA,0,0,23866.458984375,0.286784887313843
691,329542.9846,1397169.26,6,NA,NA,NA,0,0,23050.650390625,78.044303894043
692,330542.9846,1397169.26,17,NA,NA,NA,0.011946433223784,0,23782.771484375,101.022033691406
693,331542.9846,1397169.26,5,NA,NA,NA,0.992256045341492,0,24644.25,15.7407550811768
694,332542.9846,1397169.26,1,NA,NA,NA,0.00793876405805349,0,25192.96875,96.7663116455078
695,333542.9846,1397169.26,20,NA,NA,NA,0.982451379299164,0.982313454151154,26065.875,202.951995849609
696,334542.9846,1397169.26,17,NA,NA,NA,0.0114570986479521,0,26002.4453125,137.556762695312
697,335542.9846,1397169.26,1,12.2399997711182,0.0215686280280352,0,9.16650460567325e-05,0,25192.068359375,220.368606567383
698,326542.9846,1398169.26,1,NA,NA,NA,0,0,NA,0
699,327542.9846,1398169.26,1,NA,NA,NA,0,0,20824.20703125,0
700,328542.9846,1398169.26,3,NA,NA,NA,0,0,21628.001953125,0
701,329542.9846,1398169.26,7,NA,NA,NA,0,0,22357.830078125,50.5792922973633
702,330542.9846,1398169.26,1,NA,NA,NA,5.11842044943478e-05,0,23228.732421875,38.7994003295898
703,331542.9846,1398169.26,20,NA,NA,NA,0.00425129663199186,0,23839.830078125,0
704,332542.9846,1398169.26,101,NA,NA,NA,3.40134392899927e-05,0,24797.90625,129.685882568359
705,334542.9846,1398169.26,190,NA,NA,NA,1.98746657371521,0,26368.578125,184.760116577148
706,335542.9846,1398169.26,1,NA,NA,NA,0.0159011669456959,0,25989.75390625,139.680694580078
707,336542.9846,1398169.26,1,NA,NA,NA,0,0,25102.599609375,56.9345245361328
708,329542.9846,1399169.26,1,NA,NA,NA,0.00787073746323586,0,21799.76953125,7
709,332542.9846,1399169.26,1,NA,NA,NA,0,0,24339.720703125,59.8788871765137
710,335542.9846,1399169.26,3,NA,NA,NA,0.000227718817768618,0,26419.265625,149.154983520508
711,336542.9846,1399169.26,2,NA,NA,NA,0,0,25562.859375,111.775970458984
712,328542.9846,1400169.26,3,NA,NA,NA,0,0,20377.662109375,0
713,335542.9846,1400169.26,18,NA,NA,NA,0,0,26060.548828125,106.259422302246
714,336542.9846,1401169.26,4,NA,NA,NA,0,0,25858.759765625,36.2858428955078
715,337542.9846,1401169.26,2,NA,NA,NA,0,0,26346.998046875,90.1859741210938
716,335542.9846,1402169.26,1,NA,NA,NA,0,0,25034.103515625,2.66007494926453
717,336542.9846,1402169.26,1,NA,NA,NA,0,0,25973.912109375,83.2156600952148
718,337542.9846,1402169.26,3,NA,NA,NA,0,0,26360.998046875,64.0637588500977
719,338542.9846,1402169.26,1,NA,NA,NA,0,0,25633.3046875,0
720,336542.9846,1403169.26,1,NA,NA,NA,0,0,26231.705078125,82.5672912597656
721,337542.9846,1403169.26,1,NA,NA,NA,0,0,25675.61328125,206.479598999023
722,341542.9846,1403169.26,1,NA,NA,NA,0,0,22398.099609375,33.1256980895996
723,337542.9846,1404169.26,1,NA,NA,NA,0,0,25710.654296875,37.5812072753906
724,338542.9846,1404169.26,2,NA,NA,NA,0,0,24720.435546875,0.839766561985016
725,339542.9846,1408169.26,1,NA,NA,NA,0,0,25928.169921875,49.5540809631348
726,341542.9846,1409169.26,2,NA,NA,NA,0,0,25352.033203125,41.009220123291
